{
  "Random Forest": {
    "accuracy": 0.6272294887039239,
    "macro_f1": 0.5639885046089338,
    "per_class_f1": [
      0.7169576059850374,
      0.6109822119102861,
      0.3640256959314775
    ],
    "cm": [
      [
        575,
        233,
        76
      ],
      [
        97,
        395,
        28
      ],
      [
        48,
        145,
        85
      ]
    ]
  },
  "Logistic Regression": {
    "accuracy": 0.5778834720570749,
    "macro_f1": 0.4061130668722411,
    "per_class_f1": [
      0.6779492284718766,
      0.5403899721448467,
      0.0
    ],
    "cm": [
      [
        681,
        203,
        0
      ],
      [
        229,
        291,
        0
      ],
      [
        215,
        63,
        0
      ]
    ]
  },
  "SVM (RBF)": {
    "accuracy": 0.6242568370986921,
    "macro_f1": 0.5252809267044245,
    "per_class_f1": [
      0.7155025553662692,
      0.6020984665052461,
      0.25824175824175827
    ],
    "cm": [
      [
        630,
        229,
        25
      ],
      [
        133,
        373,
        14
      ],
      [
        114,
        117,
        47
      ]
    ]
  }
}