{
  "accuracy": 0.6480380499405469,
  "macro_f1": 0.5559924084125382,
  "cm": [
    [
      618,
      176,
      90
    ],
    [
      101,
      418,
      1
    ],
    [
      169,
      55,
      54
    ]
  ],
  "per_class_f1": [
    0.6975169300225734,
    0.7151411462788708,
    0.25531914893617025
  ]
}